<?xml version="1.0" encoding="UTF-8" standalone="yes"?>
<addon id="plugin.video.camaron"
	name="ETERNO CAMARON"
	version="1.0"
	provider-name="JLDESINGS">
  <requires>
    <import addon="xbmc.python" version="2.14.0"/>
    <import addon="script.module.addon.common" version="2.0.0"/>
    <import addon="plugin.video.youtube" version="5.0.0"/>
  </requires>
  <extension point="xbmc.python.pluginsource" library="default.py">
    <provides>video</provides>
  </extension>
  <extension point="xbmc.addon.metadata">
    <summary lang="es">"RECOPILACION DE VIDEOS, MUSICA y MÁS SOBRE CAMARON DE LA ISLA"</summary>
    <description lang="es">"ETERNO CAMARON sólo contiene regex de webs que se ecunetran en internet, este addon no se apropia ni distribuye contenido con derechos de autor, así como no se lucra ni considera que sea prestador de servicios de intermediación, sólo da acceso a ésas webs, éstas son las responsables de los contenidos"</description>
    <platform>all</platform>
    <assets>
        <icon>icon.jpg</icon>
        <fanart>fanart.jpg</fanart>
		</assets>
       </extension>
</addon>